{"cameraMode":{"drawMode":0,"name":"Shaded","section":"Shading Mode"},"sceneLighting":false,"audioPlay":false,"sceneViewState":{"showFog":true,"showMaterialUpdate":false,"showSkybox":false,"showFlares":true,"showImageEffects":true,"showParticleSystems":true},"in2DMode":false,"pivot":{"x":-0.05636036396026611,"y":0.0563603937625885,"z":-0.009999999776482582},"rotation":{"x":-0.02130640111863613,"y":-0.012899395078420639,"z":0.000274667952908203,"w":-0.9996914863586426},"size":4.200214862823486,"orthographic":false}