{"cameraMode":{"drawMode":0,"name":"Shaded","section":"Shading Mode"},"sceneLighting":false,"audioPlay":false,"sceneViewState":{"showFog":true,"showMaterialUpdate":false,"showSkybox":false,"showFlares":true,"showImageEffects":true,"showParticleSystems":true},"in2DMode":false,"pivot":{"x":-0.059996187686920169,"y":0.198839008808136,"z":1.475865125656128},"rotation":{"x":-0.013499562628567219,"y":-0.002999663120135665,"z":-0.00004037925464217551,"w":0.9999058246612549},"size":4.227540969848633,"orthographic":false}