{"cameraMode":{"drawMode":0,"name":"Shaded","section":"Shading Mode"},"sceneLighting":false,"audioPlay":false,"sceneViewState":{"showFog":true,"showMaterialUpdate":false,"showSkybox":false,"showFlares":true,"showImageEffects":true,"showParticleSystems":true},"in2DMode":false,"pivot":{"x":0.12034519761800766,"y":0.09570389986038208,"z":0.38451093435287478},"rotation":{"x":-0.06624964624643326,"y":-0.018860237672924997,"z":0.001252708025276661,"w":-0.9976257681846619},"size":3.8357203006744386,"orthographic":false}